name,satnum,intl_des,epoch_utc,incl_deg,raan_deg,ecc,argp_deg,mean_anom_deg,mean_motion_rev_per_day,period_min,sma_km,perigee_km,apogee_km,bstar,source_file,tle_line1,tle_line2
HULIANWANG DIGUI-01,62323,24240A,2025-09-25T06:40:13.590057Z,86.4923,72.6167,0.0001498,105.31800000000001,254.81199999999998,13.244270280000002,108.72626196510993,7545.994506300807,1166.7271163237638,1168.9878962778512,0.00036220999999999996,tles/gw.txt,1 62323U 24240A   25268.27793507  .00000170  00000+0  36221-3 0  9995,2 62323  86.4923  72.6167 0001498 105.3180 254.8120 13.24427028 37576
HULIANWANG DIGUI-02,62324,24240B,2025-09-25T06:51:07.587952Z,86.4952,72.6992,0.0001387,102.4513,257.6776,13.244276569999998,108.72621032860235,7545.9921171274445,1166.808488020799,1168.9017462340898,0.00034221,tles/gw.txt,1 62324U 24240B   25268.28550449  .00000162  00000+0  34221-3 0  9992,2 62324  86.4952  72.6992 0001387 102.4513 257.6776 13.24427657 37587
HULIANWANG DIGUI-03,62325,24240C,2025-09-25T06:29:23.862885Z,86.49060000000001,72.5659,0.0001566,104.55940000000001,255.5714,13.24422954,108.72659641324822,7546.00998089713,1166.6912757341224,1169.054686060138,0.00037052000000000005,tles/gw.txt,1 62325U 24240C   25268.27041508  .00000174  00000+0  37052-3 0  9991,2 62325  86.4906  72.5659 0001566 104.5594 255.5714 13.24422954 37570
HULIANWANG DIGUI-04,62326,24240D,2025-09-25T06:18:31.499695Z,86.4914,72.5857,0.0001536,104.6717,255.4587,13.24422659,108.72662063085406,7546.011101422034,1166.7150341168563,1169.033168727212,0.00039219,tles/gw.txt,1 62326U 24240D   25268.26286458  .00000183  00000+0  39219-3 0  9993,2 62326  86.4914  72.5857 0001536 104.6717 255.4587 13.24422659 37574
HULIANWANG DIGUI-05,62327,24240E,2025-09-25T07:56:26.737732Z,86.4966,72.7017,0.0001539,103.1473,256.98330000000004,13.24422315,108.72664887105893,7546.012408068551,1166.714076758949,1169.0367393781526,0.00038819,tles/gw.txt,1 62327U 24240E   25268.33086502  .00000181  00000+0  38819-3 0  9993,2 62327  86.4966  72.7017 0001539 103.1473 256.9833 13.24422315 37588
HULIANWANG DIGUI-06,62328,24240F,2025-09-25T07:34:41.418640Z,86.4904,72.5218,0.0001435,103.3092,256.8202,13.244225550000001,108.72662916858886,7546.011496454642,1166.7916438049015,1168.9573491043839,0.00036457,tles/gw.txt,1 62328U 24240F   25268.31575716  .00000171  00000+0  36457-3 0  9997,2 62328  86.4904  72.5218 0001435 103.3092 256.8202 13.24422555 37581
HULIANWANG DIGUI-07,62329,24240G,2025-09-25T07:23:47.772369Z,86.4875,72.438,0.000151,100.9664,259.164,13.2442255,108.72662957905692,7546.011515446596,1166.7350677077638,1169.013963185428,0.00028599999999999996,tles/gw.txt,1 62329U 24240G   25268.30819181  .00000137  00000+0  28600-3 0  9997,2 62329  86.4875  72.4380 0001510 100.9664 259.1640 13.24422550 37587
HULIANWANG DIGUI-08,62330,24240H,2025-09-25T07:45:33.376587Z,86.4957,72.6747,0.000155,104.2905,255.8401,13.2442252,108.7266320418653,7546.01162939832,1166.7049975957634,1169.0442612008765,0.00029333,tles/gw.txt,1 62330U 24240H   25268.32330297  .00000141  00000+0  29333-3 0  9996,2 62330  86.4957  72.6747 0001550 104.2905 255.8401 13.24422520 37583
HULIANWANG DIGUI-09,62331,24240J,2025-09-25T07:12:53.963715Z,86.4924,72.6304,0.0001479,103.60080000000002,256.5291,13.24428166,108.72616854329266,7545.9901837596035,1166.7371318114256,1168.969235707782,0.00030982,tles/gw.txt,1 62331U 24240J   25268.30062458  .00000148  00000+0  30982-3 0  9995,2 62331  86.4924  72.6304 0001479 103.6008 256.5291 13.24428166 37570
HULIANWANG DIGUI-10,62332,24240K,2025-09-25T07:02:01.535706Z,86.4954,72.7085,0.0001385,105.0197,255.1091,13.244283809999999,108.72615089331887,7545.989367111478,1166.8072475841327,1168.8974866388235,0.00032629999999999996,tles/gw.txt,1 62332U 24240K   25268.29307333  .00000155  00000+0  32630-3 0  9998,2 62332  86.4954  72.7085 0001385 105.0197 255.1091 13.24428381 37574
HULIANWANG DIGUI-11,62971,25030A,2025-09-25T05:28:54.477112Z,49.9997,106.1743,0.0001286,83.2605,276.8413,13.29331168,108.32515137416833,7527.4240623668475,1148.3190356324267,1150.2550891012688,9.7082e-05,tles/gw.txt,1 62971U 25030A   25268.22840830 -.00000079  00000+0  97082-4 0  9991,2 62971  49.9997 106.1743 0001286  83.2605 276.8413 13.29331168 30615
HULIANWANG DIGUI-12,62972,25030B,2025-09-25T05:40:55.339996Z,50.0012,106.2457,0.0001303,77.4622,282.6395,13.293317709999998,108.3251022366485,7527.4217860166045,1148.303962957887,1150.2656090753226,9.880600000000002e-05,tles/gw.txt,1 62972U 25030B   25268.23675162 -.00000078  00000+0  98806-4 0  9991,2 62972  50.0012 106.2457 0001303  77.4622 282.6395 13.29331771 30618
HULIANWANG DIGUI-13,62973,25030C,2025-09-25T07:05:11.124115Z,50.0016,105.89690000000002,0.000115,78.0851,282.0151,13.29330526,108.32520368978572,7527.426485945616,1148.4238318997332,1150.1551399915006,7.309700000000001e-05,tles/gw.txt,1 62973U 25030C   25268.29526764 -.00000090  00000+0  73097-4 0  9990,2 62973  50.0016 105.8969 0001150  78.0851 282.0151 13.29330526 30629
HULIANWANG DIGUI-14,62974,25030D,2025-09-25T06:29:02.764893Z,50.0022,105.7782,0.0001217,78.2847,281.8161,13.29331747,108.32510419236982,7527.421876617575,1148.3687893751912,1150.2009638599602,7.818000000000001e-05,tles/gw.txt,1 62974U 25030D   25268.27017089 -.00000088  00000+0  78180-4 0  9999,2 62974  50.0022 105.7782 0001217  78.2847 281.8161 13.29331747 30624
HULIANWANG DIGUI-15,62975,25030E,2025-09-25T06:53:07.595825Z,50.0011,105.8554,0.0001236,82.344,277.7573,13.293311429999997,108.32515341137993,7527.424156742933,1148.3567671171595,1150.2175463687063,7.7342e-05,tles/gw.txt,1 62975U 25030E   25268.28689347 -.00000088  00000+0  77342-4 0  9992,2 62975  50.0011 105.8554 0001236  82.3440 277.7573 13.29331143 30628
HULIANWANG DIGUI-16,62976,25030F,2025-09-25T00:52:16.891968Z,50.0037,106.5759,0.0001201,76.9678,283.1328,13.29331152,108.32515267798374,7527.424122767541,1148.3830791303972,1150.1911664046856,8.091600000000001e-05,tles/gw.txt,1 62976U 25030F   25268.03630662 -.00000087  00000+0  80916-4 0  9992,2 62976  50.0037 106.5759 0001201  76.9678 283.1328 13.29331152 30591
HULIANWANG DIGUI-17,62977,25030G,2025-09-25T06:05:00.612366Z,50.0045,105.7469,0.0001174,81.4441,278.6564,13.2933141,108.3251316539643,7527.42314880651,1148.4024293288394,1150.1698682841798,9.4504e-05,tles/gw.txt,1 62977U 25030G   25268.25347931 -.00000080  00000+0  94504-4 0  9992,2 62977  50.0045 105.7469 0001174  81.4441 278.6564 13.29331410 30620
HULIANWANG DIGUI-18,62978,25030H,2025-09-25T05:52:57.880707Z,50.0055,105.7086,0.0001205,80.1543,279.9466,13.29331337,108.32513760262013,7527.4234243845995,1148.379369861962,1150.1934789072375,8.0735e-05,tles/gw.txt,1 62978U 25030H   25268.24511436 -.00000087  00000+0  80735-4 0  9993,2 62978  50.0055 105.7086 0001205  80.1543 279.9466 13.29331337 30624
HULIANWANG DIGUI-19,62979,25030J,2025-09-25T06:41:07.722229Z,50.0035,105.8566,0.0001236,76.3135,283.7875,13.293306829999999,108.32519089608647,7527.425893263401,1148.3585034229936,1150.2192831038092,8.157e-05,tles/gw.txt,1 62979U 25030J   25268.27856160 -.00000086  00000+0  81570-4 0  9990,2 62979  50.0035 105.8566 0001236  76.3135 283.7875 13.29330683 30625
CZ-8A R/B,62980,25030K,2025-09-25T06:53:11.899414Z,50.0075,348.6049,0.011858,161.7366,198.7864,14.328065459999998,100.50205340142271,7160.50199372095,697.4557610794072,867.2742263624923,0.00019591,tles/gw.txt,1 62980U 25030K   25268.28694328  .00000413  00000+0  19591-3 0  9995,2 62980  50.0075 348.6049 0118580 161.7366 198.7864 14.32806546 32389
HULIANWANG DIGUI-20,63687,25086A,2025-09-25T07:18:28.127777Z,86.5058,42.3042,0.0001241,106.0282,254.0989,13.24414803,108.72726556198118,7546.04094172306,1166.9674780421929,1168.8404054039293,0.00011635,tles/gw.txt,1 63687U 25086A   25268.30449222  .00000065  00000+0  11635-3 0  9999,2 63687  86.5058  42.3042 0001241 106.0282 254.0989 13.24414803 19812
HULIANWANG DIGUI-21,63688,25086B,2025-09-25T07:29:19.205383Z,86.5085,42.2871,0.0001142,103.17320000000001,256.953,13.24414771,108.72726818900753,7546.041063272751,1167.0423053833256,1168.7658211621774,0.00013553000000000003,tles/gw.txt,1 63688U 25086B   25268.31202784  .00000073  00000+0  13553-3 0  9991,2 63688  86.5085  42.2871 0001142 103.1732 256.9530 13.24414771 19806
HULIANWANG DIGUI-22,63689,25086C,2025-09-25T07:40:11.431213Z,86.5052,42.2416,0.0001311,109.0694,251.05820000000003,13.24414882,108.72725907651044,7546.0406416472815,1166.914355719162,1168.8929275754017,0.00017086000000000003,tles/gw.txt,1 63689U 25086C   25268.31957675  .00000088  00000+0  17086-3 0  9999,2 63689  86.5052  42.2416 0001311 109.0694 251.0582 13.24414882 19802
HULIANWANG DIGUI-23,63690,25086D,2025-09-25T08:01:56.551575Z,86.50940000000001,42.3088,0.0001334,104.3176,255.8107,13.24414785,108.7272670396835,7546.041010094761,1166.8973682240148,1168.910651965508,0.00016147,tles/gw.txt,1 63690U 25086D   25268.33468231  .00000084  00000+0  16147-3 0  9991,2 63690  86.5094  42.3088 0001334 104.3176 255.8107 13.24414785 19801
HULIANWANG DIGUI-24,63691,25086E,2025-09-25T08:12:45.413849Z,86.51,42.3223,0.0001235,107.9747,252.1522,13.244156119999998,108.72719914751355,7546.037868796562,1166.968933119766,1168.832804473358,9.4646e-05,tles/gw.txt,1 63691U 25086E   25268.34219229  .00000055  00000+0  94646-4 0  9993,2 63691  86.5100  42.3223 0001235 107.9747 252.1522 13.24415612 19805
HULIANWANG DIGUI-25,63692,25086F,2025-09-25T08:23:44.938721Z,86.5041,42.2363,0.0001259,107.219,252.9082,13.24413945,108.72733599916904,7546.044200775842,1166.9571538109649,1168.8572477407197,6.785e-05,tles/gw.txt,1 63692U 25086F   25268.34982568  .00000044  00000+0  67850-4 0  9992,2 63692  86.5041  42.2363 0001259 107.2190 252.9082 13.24413945 19801
HULIANWANG DIGUI-26,63693,25086G,2025-09-25T07:51:03.796112Z,86.50880000000001,42.2953,0.0001178,110.3377,249.78840000000002,13.24414585,108.72728345860068,7546.041769780426,1167.0158460599469,1168.7936935009056,0.00014411,tles/gw.txt,1 63693U 25086G   25268.32712727  .00000076  00000+0  14411-3 0  9998,2 63693  86.5088  42.2953 0001178 110.3377 249.7884 13.24414585 19805
HULIANWANG DIGUI-27,63694,25086H,2025-09-25T08:34:36.385254Z,86.5051,42.2534,0.00013,106.1096,254.01820000000004,13.24415213,108.72723190321734,7546.039384368078,1166.92139924811,1168.883369488046,0.004645000000000001,tles/gw.txt,1 63694U 25086H   25268.35736557  .00002009  00000+0  46450-2 0  9994,2 63694  86.5051  42.2534 0001300 106.1096 254.0182 13.24415213 19808
HULIANWANG DIGUI-28,63695,25086J,2025-09-25T07:07:33.641754Z,86.5013,42.2337,0.0001264,108.2116,251.9155,13.244149379999998,108.7272544792152,7546.0404289353555,1166.949609425139,1168.8572484455735,0.00011055,tles/gw.txt,1 63695U 25086J   25268.29691715  .00000062  00000+0  11055-3 0  9995,2 63695  86.5013  42.2337 0001264 108.2116 251.9155 13.24414938 19790
HULIANWANG DIGUI-29,63696,25086K,2025-09-25T06:56:41.771881Z,86.5041,42.273,0.0001236,103.507,256.6202,13.24414142,108.72731982651995,7546.043452484857,1166.9737615141303,1168.8391434555842,6.1296e-05,tles/gw.txt,1 63696U 25086K   25268.28937236  .00000041  00000+0  61296-4 0  9996,2 63696  86.5041  42.2730 0001236 103.5070 256.6202 13.24414142 19797
HULIANWANG DIGUI-30,64283,25121A,2025-09-25T07:07:29.730438Z,86.4914,103.00380000000001,0.0001753,89.4972,270.6363,13.24420315,108.72681305858707,7546.020004861828,1166.5601875549764,1169.2058221686802,-1.1194e-05,tles/gw.txt,1 64283U 25121A   25268.29687188  .00000010  00000+0 -11194-4 0  9997,2 64283  86.4914 103.0038 0001753  89.4972 270.6363 13.24420315 15094
HULIANWANG DIGUI-31,64284,25121B,2025-09-25T06:56:38.907745Z,86.4935,103.0247,0.0001751,89.7485,270.385,13.2441876,108.72694071473285,7546.025911381813,1166.5676022447306,1169.2102205188967,-1.6987e-05,tles/gw.txt,1 64284U 25121B   25268.28933921  .00000007  00000+0 -16987-4 0  9997,2 64284  86.4935 103.0247 0001751  89.7485 270.3850 13.24418760 15099
HULIANWANG DIGUI-32,64285,25121C,2025-09-25T06:45:45.988129Z,86.4875,102.9484,0.0001652,90.78940000000001,269.3429,13.24418355,108.72697396284575,7546.0274497377895,1166.6438460030931,1169.1370534724874,-3.0244000000000002e-06,tles/gw.txt,1 64285U 25121C   25268.28178227  .00000013  00000+0 -30244-5 0  9998,2 64285  86.4875 102.9484 0001652  90.7894 269.3429 13.24418355 15090
HULIANWANG DIGUI-33,64286,25121D,2025-09-25T06:24:00.454742Z,86.4911,102.9856,0.0001979,91.4615,268.6746,13.244188709999998,108.72693160229066,7546.02548975846,1166.395131314037,1169.3818482028837,2.2642e-05,tles/gw.txt,1 64286U 25121D   25268.26667193  .00000024  00000+0  22642-4 0  9995,2 64286  86.4911 102.9856 0001979  91.4615 268.6746 13.24418871 15093
HULIANWANG DIGUI-34,64287,25121E,2025-09-25T06:34:53.452148Z,86.4934,103.0164,0.0001771,90.4894,269.6443,13.244185890000002,108.72695475282246,7546.026560909795,1166.5531596058581,1169.2259622137317,3.7982e-05,tles/gw.txt,1 64287U 25121E   25268.27422977  .00000031  00000+0  37982-4 0  9997,2 64287  86.4934 103.0164 0001771  90.4894 269.6443 13.24418589 15092
CZ-6A R/B,64288,25121F,2025-09-24T22:54:11.323853Z,86.5013,100.5156,0.0103681,134.4856,226.4854,13.94029817,103.29764704021392,7292.679585904343,838.9313546897283,990.1538171189586,8.7981e-05,tles/gw.txt,1 64288U 25121F   25267.95429773  .00000140  00000+0  87981-4 0  9998,2 64288  86.5013 100.5156 0103681 134.4856 226.4854 13.94029817 15484
HULIANWANG DIGUI-35,64956,25159A,2025-09-25T07:23:46.781372Z,86.5026,11.8732,0.0001715,91.0271,269.106,13.244207440000002,108.7267778403205,7546.018375348059,1166.5872331966866,1169.1755174994314,0.00026699,tles/gw.txt,1 64956U 25159A   25268.30818034  .00000129  00000+0  26699-3 0  9998,2 64956  86.5026  11.8732 0001715  91.0271 269.1060 13.24420744  8064
HULIANWANG DIGUI-36,64957,25159B,2025-09-25T07:12:54.088135Z,86.5047,11.883100000000002,0.00017,91.3681,268.7648,13.24420272,108.72681658862436,7546.020168193093,1166.6003447645007,1169.1659916216859,4.8975000000000005e-05,tles/gw.txt,1 64957U 25159B   25268.30062602  .00000036  00000+0  48975-4 0  9990,2 64957  86.5047  11.8831 0001700  91.3681 268.7648 13.24420272  8063
HULIANWANG DIGUI-37,64958,25159C,2025-09-25T07:02:01.045837Z,86.4988,11.8386,0.0001728,91.4772,268.656,13.24421574,108.72670970248028,7546.01522267823,1166.5742712477522,1169.1821741087097,0.0003863,tles/gw.txt,1 64958U 25159C   25268.29306766  .00000180  00000+0  38630-3 0  9997,2 64958  86.4988  11.8386 0001728  91.4772 268.6560 13.24421574  8062
HULIANWANG DIGUI-38,64959,25159D,2025-09-25T06:51:08.776794Z,86.5047,11.876,0.0001689,90.8801,269.2527,13.24419757,108.72685886699588,7546.022124370564,1166.6106012337577,1169.1596475073702,5.3692e-05,tles/gw.txt,1 64959U 25159D   25268.28551825  .00000038  00000+0  53692-4 0  9993,2 64959  86.5047  11.8760 0001689  90.8801 269.2527 13.24419757  8068
HULIANWANG DIGUI-39,64960,25159E,2025-09-25T06:40:15.828644Z,86.5023,11.8558,0.0001687,91.20730000000002,268.9254,13.24419896,108.72684745593703,7546.021596392442,1166.6115825491306,1169.157610235753,0.00025741,tles/gw.txt,1 64960U 25159E   25268.27796098  .00000125  00000+0  25741-3 0  9997,2 64960  86.5023  11.8558 0001687  91.2073 268.9254 13.24419896  8060
CZ-6A R/B,64961,25159F,2025-09-25T06:11:59.538330Z,86.5131,10.3004,0.0100974,293.3718,65.6859,13.94029648,103.29765956311999,7292.680175304923,840.9060665027991,988.1802841070476,7.827499999999999e-05,tles/gw.txt,1 64961U 25159F   25268.25832799  .00000124  00000+0  78275-4 0  9995,2 64961  86.5131  10.3004 0100974 293.3718  65.6859 13.94029648  8311
HULIANWANG DIGUI-40,65043,25162A,2025-09-24T09:45:46.050323Z,49.999,147.5814,1.86e-05,339.4045,20.6844,13.8502988,103.96887610829017,7324.237403266392,945.9641724506919,946.2366340820927,0.00013912,tles/gw.txt,1 65043U 25162A   25267.40678299  .00000014  00000+0  13912-3 0  9994,2 65043  49.9990 147.5814 0000186 339.4045  20.6844 13.85029880  7862
HULIANWANG DIGUI-41,65044,25162B,2025-09-24T09:39:20.627716Z,49.9973,147.5633,6.53e-05,67.8705,292.2261,13.85157719,103.95928061099012,7323.786750571434,945.1715072966217,946.1279938462458,0.00013517000000000002,tles/gw.txt,1 65044U 25162B   25267.40232208  .00000010  00000+0  13517-3 0  9998,2 65044  49.9973 147.5633 0000653  67.8705 292.2261 13.85157719  7871
HULIANWANG DIGUI-42,65045,25162C,2025-09-24T09:35:18.724121Z,49.9957,147.5295,5.06e-05,47.6549,312.439,13.852794069999998,103.95014844828341,7323.35784551634,944.8502836093567,945.5914074233233,0.00013647,tles/gw.txt,1 65045U 25162C   25267.39952227  .00000012  00000+0  13647-3 0  9993,2 65045  49.9957 147.5295 0000506  47.6549 312.4390 13.85279407  7874
HULIANWANG DIGUI-43,65046,25162D,2025-09-17T06:26:57.943665Z,49.9961,175.7979,2.65e-05,99.1252,260.968,13.99150251,102.91961131199483,7274.876161765911,896.5463775476246,896.9319459841972,7.2459e-05,tles/gw.txt,1 65046U 25162D   25260.26872620 -.00000044  00000+0  72459-4 0  9994,2 65046  49.9961 175.7979 0000265  99.1252 260.9680 13.99150251  6886
HULIANWANG DIGUI-44,65047,25162E,2025-09-24T19:48:41.742432Z,49.9946,145.8095,3.97e-05,57.54719999999999,302.5463,13.85643268,103.92285180863738,7322.075744990338,943.6480585832624,944.2294313974144,0.00013078000000000002,tles/gw.txt,1 65047U 25162E   25267.82548313  .00000006  00000+0  13078-3 0  9991,2 65047  49.9946 145.8095 0000397  57.5472 302.5463 13.85643268  7945
HULIANWANG DIGUI-45,65048,25162F,2025-09-24T02:23:03.700043Z,50.0017,148.64840000000004,0.0001059,66.1994,293.9014,13.856956750000002,103.91892144716407,7321.891129926921,942.9787416562622,944.5295181975816,0.00014571,tles/gw.txt,1 65048U 25162F   25267.09934838  .00000023  00000+0  14571-3 0  9990,2 65048  50.0017 148.6484 0001059  66.1994 293.9014 13.85695675  7834
HULIANWANG DIGUI-46,65049,25162G,2025-09-24T02:21:33.850922Z,50.0027,148.6532,0.0001068,33.1666,326.9297000000001,13.85922701,103.90189863842919,7321.091515807111,942.1726232332239,943.7364083809989,0.00016386000000000002,tles/gw.txt,1 65049U 25162G   25267.09830846  .00000045  00000+0  16386-3 0  9995,2 65049  50.0027 148.6532 0001068  33.1666 326.9297 13.85922701  7833
HULIANWANG DIGUI-47,65050,25162H,2025-09-12T23:24:09.605103Z,50.0099,193.0761,0.0003738,208.8237,151.2459,13.997048849999999,102.87882934694481,7272.954251784819,892.098621485502,897.5358820841357,7.978600000000001e-05,tles/gw.txt,1 65050U 25162H   25255.97511117 -.00000032  00000+0  79786-4 0  9999,2 65050  50.0099 193.0761 0003738 208.8237 151.2459 13.99704885  6286
HULIANWANG DIGUI-48,65051,25162J,2025-09-24T09:04:06.177795Z,50.0037,147.4477,5.15e-05,96.1308,263.9647,13.86050678,103.89230515567051,7320.64086092966,942.1268479253231,942.8808739339993,0.0001315,tles/gw.txt,1 65051U 25162J   25267.37784928  .00000008  00000+0  13150-3 0  9993,2 65051  50.0037 147.4477 0000515  96.1308 263.9647 13.86050678  7879
CZ-8A R/B,65052,25162K,2025-09-25T07:15:40.859985Z,50.0017,132.68620000000004,0.0118415,284.2071,74.57150000000001,14.30564799,100.65954376946752,7167.980552510191,704.9639107976427,874.7231942227409,0.00011758000000000001,tles/gw.txt,1 65052U 25162K   25268.30255625  .00000169  00000+0  11758-3 0  9995,2 65052  50.0017 132.6862 0118415 284.2071  74.5715 14.30564799  8167
HULIANWANG DIGUI-49,65106,25168A,2025-09-24T06:14:18.401306Z,50.0027,213.3068,0.0010219,37.8505,322.3113,13.95816244,103.16544216976457,7286.455929896043,900.872900581282,915.7649592108046,0.00018486,tles/gw.txt,1 65106U 25168A   25267.25993520  .00000105  00000+0  18486-3 0  9992,2 65106  50.0027 213.3068 0010219  37.8505 322.3113 13.95816244  7104
HULIANWANG DIGUI-50,65107,25168B,2025-09-24T07:53:40.853180Z,50.0001,212.9845,0.0009323,29.726200000000002,330.4167,13.95770591,103.16881651506297,7286.614813101902,901.6845021116469,915.2711240921581,0.00018955,tles/gw.txt,1 65107U 25168B   25267.32894506  .00000112  00000+0  18955-3 0  9994,2 65107  50.0001 212.9845 0009323  29.7262 330.4167 13.95770591  7113
HULIANWANG DIGUI-51,65108,25168C,2025-09-24T09:32:04.550507Z,50.0039,212.7039,0.0009917,32.0294,328.12080000000003,13.95813595,103.16563795898549,7286.465148804032,901.1021613159628,915.5541362921003,0.00018791,tles/gw.txt,1 65108U 25168C   25267.39727489  .00000110  00000+0  18791-3 0  9993,2 65108  50.0039 212.7039 0009917  32.0294 328.1208 13.95813595  7122
HULIANWANG DIGUI-52,65109,25168D,2025-09-25T06:06:03.578949Z,50.0032,209.2358,0.0009505,39.1355,321.0232,13.95832954,103.16420714050572,7286.397777320707,901.3350562333644,915.1864984080512,0.00010855,tles/gw.txt,1 65109U 25168D   25268.25420809  .00000001  00000+0  10855-3 0  9998,2 65109  50.0032 209.2358 0009505  39.1355 321.0232 13.95832954  7242
HULIANWANG DIGUI-53,65110,25168E,2025-09-24T05:59:03.296539Z,50.0037,213.2559,0.0008502,37.0078,323.1408,13.9585578,103.16252012797483,7286.318342290553,901.9865144359374,914.3761701451685,0.00017906,tles/gw.txt,1 65110U 25168E   25267.24934371  .00000098  00000+0  17906-3 0  9992,2 65110  50.0037 213.2559 0008502  37.0078 323.1408 13.95855780  7107
HULIANWANG DIGUI-54,65111,25168F,2025-09-24T09:17:43.260864Z,49.9987,212.6183,0.0008138,41.4657,318.686,13.958329940000002,103.16420418415755,7286.397638117848,902.3309677199486,914.1903085157483,0.00018511,tles/gw.txt,1 65111U 25168F   25267.38730626  .00000106  00000+0  18511-3 0  9998,2 65111  49.9987 212.6183 0008138  41.4657 318.6860 13.95832994  7127
HULIANWANG DIGUI-55,65112,25168G,2025-09-24T09:20:59.135712Z,49.9995,212.6352,0.0008642,29.6432,330.4957,13.95842748,103.16348328372015,7286.3636936994735,901.9298181953791,914.5235692035694,0.00018086,tles/gw.txt,1 65112U 25168G   25267.38957333  .00000100  00000+0  18086-3 0  9996,2 65112  49.9995 212.6352 0008642  29.6432 330.4957 13.95842748  7121
HULIANWANG DIGUI-56,65113,25168H,2025-09-24T09:14:59.890564Z,49.9989,212.609,0.0007515,32.4398,327.6964,13.95811016,103.16582857517726,7286.4741241297825,902.8613388254989,913.8129094340666,0.00018997,tles/gw.txt,1 65113U 25168H   25267.38541540  .00000112  00000+0  18997-3 0  9990,2 65113  49.9989 212.6090 0007515  32.4398 327.6964 13.95811016  7125
HULIANWANG DIGUI-57,65114,25168J,2025-09-24T09:08:32.258698Z,50.0014,212.6014,0.0007788,34.6411,325.4997,13.95864345,103.16188712449704,7286.288536442705,902.4769749305233,913.8260979548868,0.000189,tles/gw.txt,1 65114U 25168J   25267.38092892  .00000111  00000+0  18900-3 0  9995,2 65114  50.0014 212.6014 0007788  34.6411 325.4997 13.95864345  7132
CZ-12 R/B,65115,25168K,2025-09-25T06:14:22.278046Z,49.9827,202.4293,0.007649,294.3986,64.8955,14.16461712,101.66176662599405,7215.480901677855,782.1526882609214,892.53511509479,4.3044e-05,tles/gw.txt,1 65115U 25168K   25268.25998007 -.00000067  00000+0  43044-4 0  9995,2 65115  49.9827 202.4293 0076490 294.3986  64.8955 14.16461712  7353
HULIANWANG DIGUI 8A,65164,25174A,2025-09-25T07:40:07.633911Z,86.503,341.4622,0.0001485,91.3567,268.7737000000001,13.24417433,108.72704965368725,7546.030951874567,1166.7733662782139,1169.0145374709218,-0.00030692,tles/gw.txt,1 65164U 25174A   25268.31953280 -.00000117  00000+0 -30692-3 0  9998,2 65164  86.5030 341.4622 0001485  91.3567 268.7737 13.24417433  5734
HULIANWANG DIGUI 8B,65165,25174B,2025-09-25T07:51:01.334564Z,86.4991,341.45,0.0001529,90.8997,269.2313,13.24416218,108.72714939828681,7546.035566952557,1166.74477811437,1169.0523557907445,-0.00014403,tles/gw.txt,1 65165U 25174B   25268.32709878 -.00000047  00000+0 -14403-3 0  9996,2 65165  86.4991 341.4500 0001529  90.8997 269.2313 13.24416218  5731
HULIANWANG DIGUI 8C,65166,25174C,2025-09-25T08:01:53.828247Z,86.5028,341.4672,0.000148,90.7644,269.366,13.24417185,108.7270700130639,7546.031893881683,1166.7780811613884,1169.0117066019775,-0.00035845,tles/gw.txt,1 65166U 25174C   25268.33465079 -.00000139  00000+0 -35845-3 0  9995,2 65166  86.5028 341.4672 0001480  90.7644 269.3660 13.24417185  5738
HULIANWANG DIGUI 8D,65167,25174D,2025-09-25T06:23:59.050720Z,86.5037,341.4996,0.0001536,91.0828,269.0482,13.24417053,108.72708084950942,7546.032395272687,1166.7363246967734,1169.0544658486006,-0.0001855,tles/gw.txt,1 65167U 25174D   25268.26665568 -.00000065  00000+0 -18550-3 0  9995,2 65167  86.5037 341.4996 0001536  91.0828 269.0482 13.24417053  5720
HULIANWANG DIGUI 8E,65168,25174E,2025-09-25T06:34:50.505005Z,86.4978,341.4777,0.0001564,92.1128,268.0186,13.244193650000001,108.72689104783663,7546.023613345332,1166.7064152522053,1169.0668114384598,0.0001296,tles/gw.txt,1 65168U 25174E   25268.27419566  .00000070  00000+0  12960-3 0  9995,2 65168  86.4978 341.4777 0001564  92.1128 268.0186 13.24419365  5725
HULIANWANG DIGUI 8F,65169,25174F,2025-09-25T06:45:44.451050Z,86.5031,341.5026,0.000154,91.6631,268.468,13.24418207,108.72698611277849,7546.028011902638,1166.7289235888056,1169.0531002164716,0.00015134,tles/gw.txt,1 65169U 25174F   25268.28176448  .00000080  00000+0  15134-3 0  9993,2 65169  86.5031 341.5026 0001540  91.6631 268.4680 13.24418207  5729
HULIANWANG DIGUI 8G,65170,25174G,2025-09-25T06:56:36.775391Z,86.4983,341.4893,0.0001502,90.2465,269.8841,13.244174899999999,108.72704497431548,7546.03073536491,1166.7603215484578,1169.027149181362,-0.00034653,tles/gw.txt,1 65170U 25174G   25268.28931453 -.00000134  00000+0 -34653-3 0  9999,2 65170  86.4983 341.4893 0001502  90.2465 269.8841 13.24417490  5722
HULIANWANG DIGUI 8H,65171,25174H,2025-09-25T07:18:22.775330Z,86.4947,341.4801,0.0001475,90.3149,269.81540000000007,13.244162720000002,108.7271449651896,7546.0353618378285,1166.7853216219582,1169.0114020536994,-0.00033043,tles/gw.txt,1 65171U 25174H   25268.30443027 -.00000127  00000+0 -33043-3 0  9992,2 65171  86.4947 341.4801 0001475  90.3149 269.8154 13.24416272  5725
HULIANWANG DIGUI 8J,65172,25174J,2025-09-25T07:07:29.274231Z,86.4982,341.4942,0.0001492,92.679,267.4514,13.244175559999999,108.72703955609602,7546.030484669534,1166.7676169212227,1169.0193524178476,-6.9899e-05,tles/gw.txt,1 65172U 25174J   25268.29686660 -.00000015  00000+0 -69899-4 0  9998,2 65172  86.4982 341.4942 0001492  92.6790 267.4514 13.24417556  5727
HULIANWANG DIGUI 8K,65173,25174K,2025-09-25T07:29:15.619781Z,86.5,341.5045,0.0001501,91.8454,268.2852,13.24416517,108.72712485206796,7546.034431224891,1166.7647714567638,1169.0300909930174,-0.00010202,tles/gw.txt,1 65173U 25174K   25268.31198634 -.00000029  00000+0 -10202-3 0  9999,2 65173  86.5000 341.5045 0001501  91.8454 268.2852 13.24416517  5690
HULIANWANG DIGUI 9A,65228,25178A,2025-09-18T08:30:08.898621Z,86.493,105.4284,0.0001565,80.15530000000001,279.9769,13.43829829,107.15642478866273,7473.183680157373,1093.8771269114286,1096.2162334033164,6.8304e-05,tles/gw.txt,1 65228U 25178A   25261.35426966  .00000055  00000+0  68304-4 0  9997,2 65228  86.4930 105.4284 0001565  80.1553 279.9769 13.43829829  4325
HULIANWANG DIGUI 9B,65229,25178B,2025-09-24T07:42:35.205109Z,86.4981,103.39,0.0003869,1.167,358.948,13.366695440000003,107.73044141417198,7499.8481935634645,1118.8095022973757,1124.6128848295548,0.00014726,tles/gw.txt,1 65229U 25178B   25267.32124080  .00000091  00000+0  14726-3 0  9991,2 65229  86.4981 103.3900 0003869   1.1670 358.9480 13.36669544  5110
HULIANWANG DIGUI 9C,65230,25178C,2025-09-23T18:58:51.440155Z,86.4874,103.5091,0.0001553,97.9616,262.1702,13.37956438,107.62682245115069,7495.038342149814,1115.7373626952785,1118.0653216043502,-0.00028460000000000003,tles/gw.txt,1 65230U 25178C   25266.79087315 -.00000135  00000+0 -28460-3 0  9993,2 65230  86.4874 103.5091 0001553  97.9616 262.1702 13.37956438  5055
HULIANWANG DIGUI 9D,65231,25178D,2025-09-24T10:58:37.591400Z,86.4975,103.3183,0.0003967,143.4075,216.73380000000003,13.36935336,107.70902385663325,7498.854146131004,1117.7423506912337,1123.6919415707753,1.1177e-05,tles/gw.txt,1 65231U 25178D   25267.45737953  .00000021  00000+0  11177-4 0  9998,2 65231  86.4975 103.3183 0003967 143.4075 216.7338 13.36935336  5148
HULIANWANG DIGUI 9E,65232,25178E,2025-09-22T10:24:38.087433Z,86.4921,103.9927,0.0001305,108.1654,251.9631,13.39412286,107.50983958049196,7489.606300874064,1110.4919072517996,1112.4466944963287,7.8321e-05,tles/gw.txt,1 65232U 25178E   25265.43377416  .00000057  00000+0  78321-4 0  9992,2 65232  86.4921 103.9927 0001305 108.1654 251.9631 13.39412286  4870
CZ-6A R/B,65233,25178F,2025-09-25T07:34:01.629700Z,86.5017,102.1334,0.0103221,358.238,1.8414,13.945813429999998,103.25679511116192,7290.756730429084,837.3638103819221,987.8756504762468,1.5844e-05,tles/gw.txt,1 65233U 25178F   25268.31529664  .00000039  00000+0  15844-4 0  9998,2 65233  86.5017 102.1334 0103221 358.2380   1.8414 13.94581343  5408
HULIANWANG DIGUI 10A,65305,25187A,2025-09-22T19:36:56.439331Z,50.00630000000001,97.1579,3.65e-05,234.44660000000002,125.64029999999998,14.00164592,102.84505180516663,7271.36224325459,892.9598385327117,893.4906479764686,5.0743000000000005e-05,tles/gw.txt,1 65305U 25187A   25265.81731990 -.00000075  00000+0  50743-4 0  9995,2 65305  50.0063  97.1579 0000365 234.4466 125.6403 14.00164592  3945
HULIANWANG DIGUI 10B,65306,25187B,2025-09-22T09:16:52.436066Z,50.0081,98.8927,2.43e-05,267.3567,92.7308,14.00406437,102.82729084599316,7270.525060955332,892.2113871963511,892.564734714314,4.4907e-05,tles/gw.txt,1 65306U 25187B   25265.38671801 -.00000083  00000+0  44907-4 0  9996,2 65306  50.0081  98.8927 0000243 267.3567  92.7308 14.00406437  3881
HULIANWANG DIGUI 10C,65307,25187C,2025-09-22T19:25:32.255890Z,50.0086,97.1248,2.24e-05,256.5615,103.5263,14.012378109999998,102.76628197552972,7267.648973670615,889.3491783336058,889.6747690076254,0.00013242,tles/gw.txt,1 65307U 25187C   25265.80940111  .00000050  00000+0  13242-3 0  9997,2 65307  50.0086  97.1248 0000224 256.5615 103.5263 14.01237811  3945
HULIANWANG DIGUI 10D,65308,25187D,2025-09-22T12:49:52.547791Z,50.0005,98.3177,3.69e-05,250.75380000000004,109.3325,13.99936601,102.86180095379906,7272.151688602065,893.7463462047563,894.2830309993751,4.5114e-05,tles/gw.txt,1 65308U 25187D   25265.53463597 -.00000083  00000+0  45114-4 0  9997,2 65308  50.0005  98.3177 0000369 250.7538 109.3325 13.99936601  3909
HULIANWANG DIGUI 10E,65309,25187E,2025-09-22T12:49:23.960632Z,50.0093,98.3264,3.17e-05,246.08680000000004,114.0002,14.00005414,102.85674509541576,7271.91339301232,893.5458733577616,894.0069126668795,4.5236e-05,tles/gw.txt,1 65309U 25187E   25265.53430510 -.00000083  00000+0  45236-4 0  9992,2 65309  50.0093  98.3264 0000317 246.0868 114.0002 14.00005414  3908
HULIANWANG DIGUI 10F,65310,25187F,2025-09-23T16:06:18.612854Z,50.0114,93.6918,5.31e-05,238.87540000000004,121.2097,14.00031938,102.85479644536508,7271.8215470886025,893.2984133644522,894.0706808127525,4.2819000000000005e-05,tles/gw.txt,1 65310U 25187F   25266.67104876 -.00000087  00000+0  42819-4 0  9991,2 65310  50.0114  93.6918 0000531 238.8754 121.2097 14.00031938  4061
HULIANWANG DIGUI 10G,65311,25187G,2025-09-22T12:53:54.472137Z,50.00630000000001,98.3413,7.08e-05,211.0734,149.0127,14.0014932,102.84617357811523,7271.415117635305,892.7633014449766,893.7929338256345,4.5548000000000005e-05,tles/gw.txt,1 65311U 25187G   25265.53743602 -.00000082  00000+0  45548-4 0  9999,2 65311  50.0063  98.3413 0000708 211.0734 149.0127 14.00149320  3903
HULIANWANG DIGUI 10H,65312,25187H,2025-09-22T23:02:53.376862Z,50.0038,96.5741,2.85e-05,280.6527,79.4344,14.00410632,102.8269828217071,7270.5105414674235,892.166331916992,892.5807510178556,5.1206e-05,tles/gw.txt,1 65312U 25187H   25265.96034001 -.00000074  00000+0  51206-4 0  9992,2 65312  50.0038  96.5741 0000285 280.6527  79.4344 14.00410632  3962
HULIANWANG DIGUI 10J,65313,25187J,2025-09-22T19:36:07.399567Z,50.0078,97.1614,2.39e-05,299.7976,60.29030000000001,13.99994556,102.8575428260451,7271.950992364985,893.6401927362676,893.9877919937026,4.345e-05,tles/gw.txt,1 65313U 25187J   25265.81675231 -.00000086  00000+0  43450-4 0  9998,2 65313  50.0078  97.1614 0000239 299.7976  60.2903 13.99994556  3947
CZ-8A R/B,65314,25187K,2025-09-25T00:32:02.050934Z,50.0071,82.6886,0.0116483,189.531,170.3395,14.30467751,100.66637286952721,7168.304749641118,706.6691854258734,873.6663138563636,4.7931000000000006e-05,tles/gw.txt,1 65314U 25187K   25268.02224596 -.00000029  00000+0  47931-4 0  9994,2 65314  50.0071  82.6886 0116483 189.5310 170.3395 14.30467751  4338
